[
  {
    "id": null,
    "uuid": "local-7454c6df-9c75-443c-aaf4-a762cd2c4af7",
    "name": "5",
    "user_id": null,
    "folder_id": 4,
    "config": "2026-01-15\\local-7454c6df-9c75-443c-aaf4-a762cd2c4af7\\config.txt",
    "directory": null,
    "file_name": null,
    "file_config_name": null,
    "can_be_running": 1,
    "proxy_id": null,
    "disk": null,
    "check_open": 0,
    "version": 26,
    "browser_type": 3,
    "os": "ios",
    "note": null,
    "last_open": null,
    "source_version": "143.0.0.0",
    "status_id": null,
    "status": null,
    "option": {
      "checkBeforeStart": true
    },
    "browser": "safari",
    "shares_role": "",
    "proxy_optimize_id": null,
    "is_block": 0,
    "created_at": "2026-01-15 12:55:31.000",
    "updated_at": "2026-01-15T19:59:06.744582",
    "proxy_optimize_ids": null,
    "browser_uuid": null,
    "tags": [],
    "proxy": "",
    "pinned": false,
    "synced_at": "2026-01-15T19:55:32.056050"
  },
  {
    "id": null,
    "uuid": "local-e03b76dd-bf8e-4dd6-a75e-453e937155dc",
    "name": "6",
    "user_id": null,
    "folder_id": 3,
    "config": "2026-01-15\\local-e03b76dd-bf8e-4dd6-a75e-453e937155dc\\config.txt",
    "directory": null,
    "file_name": null,
    "file_config_name": null,
    "can_be_running": 1,
    "proxy_id": null,
    "disk": null,
    "check_open": 0,
    "version": 143,
    "browser_type": 3,
    "os": "win",
    "note": null,
    "last_open": null,
    "source_version": "143.0.0.0",
    "status_id": null,
    "status": null,
    "option": {
      "checkBeforeStart": true
    },
    "browser": "chrome",
    "shares_role": "",
    "proxy_optimize_id": null,
    "is_block": 0,
    "created_at": "2026-01-15 12:51:53.000",
    "updated_at": "2026-01-15T20:08:15.823468",
    "proxy_optimize_ids": null,
    "browser_uuid": null,
    "tags": [],
    "proxy": "",
    "pinned": false,
    "local_notes": "",
    "local_tags": [],
    "fb_uid": "",
    "fb_name": "",
    "synced_at": "2026-01-15T19:55:32.057050"
  },
  {
    "id": null,
    "uuid": "local-69cebfc8-5e9a-4288-b50d-452e680fabf7",
    "name": "4",
    "user_id": null,
    "folder_id": 4,
    "config": "2026-01-15\\local-69cebfc8-5e9a-4288-b50d-452e680fabf7\\config.txt",
    "directory": null,
    "file_name": null,
    "file_config_name": null,
    "can_be_running": 1,
    "proxy_id": null,
    "disk": null,
    "check_open": 0,
    "version": 143,
    "browser_type": 3,
    "os": "win",
    "note": null,
    "last_open": "2026-01-15 19:44:49",
    "source_version": "143.0.0.0",
    "status_id": null,
    "status": null,
    "option": {
      "checkBeforeStart": true,
      "languages": {
        "country": "",
        "languagesContent": "vi-VN,en-US,en",
        "fillLanguagesBaseIp": false
      }
    },
    "browser": "chrome",
    "shares_role": "",
    "proxy_optimize_id": null,
    "is_block": 0,
    "created_at": "2026-01-15 12:44:30.000",
    "updated_at": null,
    "proxy_optimize_ids": null,
    "browser_uuid": null,
    "tags": [],
    "proxy": "",
    "pinned": false,
    "local_notes": "",
    "local_tags": [],
    "fb_uid": "",
    "fb_name": "",
    "synced_at": "2026-01-15T19:55:32.057050"
  },
  {
    "id": null,
    "uuid": "local-22eeaf0d-ba72-45f6-9dea-870c7b76aa8a",
    "name": "2",
    "user_id": null,
    "folder_id": 3,
    "config": "2026-01-15\\local-22eeaf0d-ba72-45f6-9dea-870c7b76aa8a\\config.txt",
    "directory": null,
    "file_name": null,
    "file_config_name": null,
    "can_be_running": 1,
    "proxy_id": null,
    "disk": null,
    "check_open": 0,
    "version": 138,
    "browser_type": 3,
    "os": "win",
    "note": null,
    "last_open": null,
    "source_version": "138.0.0.0",
    "status_id": null,
    "status": null,
    "option": {
      "checkBeforeStart": true
    },
    "browser": "chrome",
    "shares_role": "",
    "proxy_optimize_id": null,
    "is_block": 0,
    "created_at": "2026-01-15 12:38:10.000",
    "updated_at": null,
    "proxy_optimize_ids": null,
    "browser_uuid": null,
    "tags": [],
    "proxy": "",
    "pinned": false,
    "local_notes": "",
    "local_tags": [],
    "fb_uid": "",
    "fb_name": "",
    "synced_at": "2026-01-15T19:55:32.057050"
  },
  {
    "id": null,
    "uuid": "local-5e7e58f1-999b-44f9-b64d-d2d8caf55373",
    "name": "1",
    "user_id": null,
    "folder_id": 2,
    "config": "2026-01-15\\local-5e7e58f1-999b-44f9-b64d-d2d8caf55373\\config.txt",
    "directory": null,
    "file_name": null,
    "file_config_name": null,
    "can_be_running": 1,
    "proxy_id": null,
    "disk": null,
    "check_open": 0,
    "version": 143,
    "browser_type": 3,
    "os": "ios",
    "note": null,
    "last_open": "2026-01-15 19:34:46",
    "source_version": "143.0.0.0",
    "status_id": "none",
    "status": null,
    "option": {
      "checkBeforeStart": true
    },
    "browser": "chrome",
    "shares_role": "",
    "proxy_optimize_id": null,
    "is_block": 0,
    "created_at": "2026-01-15 11:55:11.000",
    "updated_at": null,
    "proxy_optimize_ids": null,
    "browser_uuid": null,
    "tags": [],
    "proxy": "",
    "status_chil": null,
    "pinned": false,
    "local_notes": "",
    "local_tags": [],
    "fb_uid": "",
    "fb_name": "",
    "synced_at": "2026-01-15T19:55:32.057050"
  },
  {
    "id": null,
    "uuid": "local-e7e53faf-29fa-4895-a84b-d8d244679aee",
    "name": "S17",
    "user_id": null,
    "folder_id": 1,
    "config": "2025-12-25\\local-e7e53faf-29fa-4895-a84b-d8d244679aee\\config.txt",
    "directory": null,
    "file_name": null,
    "file_config_name": null,
    "can_be_running": 1,
    "proxy_id": null,
    "disk": null,
    "check_open": 0,
    "version": 143,
    "browser_type": 3,
    "os": "win",
    "note": null,
    "last_open": "2026-01-15 19:34:45",
    "source_version": "143.0.0.0",
    "status_id": null,
    "status": null,
    "option": {
      "checkBeforeStart": true
    },
    "browser": "chrome",
    "shares_role": "",
    "proxy_optimize_id": null,
    "is_block": 1,
    "created_at": "2025-12-25 15:00:57.000",
    "updated_at": null,
    "proxy_optimize_ids": null,
    "browser_uuid": null,
    "tags": [],
    "proxy": "",
    "pinned": false,
    "local_notes": "",
    "local_tags": [],
    "fb_uid": "",
    "fb_name": "",
    "synced_at": "2026-01-15T19:55:32.057050"
  },
  {
    "id": null,
    "uuid": "local-8dcf5f6e-a89d-4647-ab1f-487e0bb46ed5",
    "name": "S17",
    "user_id": null,
    "folder_id": 1,
    "config": "2025-12-25\\local-8dcf5f6e-a89d-4647-ab1f-487e0bb46ed5\\config.txt",
    "directory": null,
    "file_name": null,
    "file_config_name": null,
    "can_be_running": 1,
    "proxy_id": null,
    "disk": null,
    "check_open": 0,
    "version": 143,
    "browser_type": 3,
    "os": "win",
    "note": null,
    "last_open": "2026-01-15 18:53:13",
    "source_version": "143.0.0.0",
    "status_id": null,
    "status": null,
    "option": {
      "checkBeforeStart": true
    },
    "browser": "chrome",
    "shares_role": "",
    "proxy_optimize_id": null,
    "is_block": 1,
    "created_at": "2025-12-25 14:59:44.000",
    "updated_at": null,
    "proxy_optimize_ids": null,
    "browser_uuid": null,
    "tags": [],
    "proxy": "",
    "pinned": false,
    "local_notes": "",
    "local_tags": [],
    "fb_uid": "",
    "fb_name": "",
    "synced_at": "2026-01-15T19:55:32.057050"
  },
  {
    "id": null,
    "uuid": "local-fd5acd38-c3e1-41c2-abb9-95f76d6cb343",
    "name": "S16",
    "user_id": null,
    "folder_id": 1,
    "config": "2025-12-25\\local-fd5acd38-c3e1-41c2-abb9-95f76d6cb343\\config.txt",
    "directory": null,
    "file_name": null,
    "file_config_name": null,
    "can_be_running": 1,
    "proxy_id": null,
    "disk": null,
    "check_open": 0,
    "version": 143,
    "browser_type": 3,
    "os": "win",
    "note": null,
    "last_open": "2026-01-15 18:55:05",
    "source_version": "143.0.0.0",
    "status_id": null,
    "status": null,
    "option": {
      "checkBeforeStart": true
    },
    "browser": "chrome",
    "shares_role": "",
    "proxy_optimize_id": null,
    "is_block": 1,
    "created_at": "2025-12-25 14:59:44.000",
    "updated_at": null,
    "proxy_optimize_ids": null,
    "browser_uuid": null,
    "tags": [],
    "proxy": "",
    "pinned": false,
    "local_notes": "",
    "local_tags": [],
    "fb_uid": "",
    "fb_name": "",
    "synced_at": "2026-01-15T19:55:32.057050"
  },
  {
    "id": null,
    "uuid": "local-dd21fbe5-8e36-4cc5-8307-2a4da0ace0fd",
    "name": "S15",
    "user_id": null,
    "folder_id": 1,
    "config": "2025-12-25\\local-dd21fbe5-8e36-4cc5-8307-2a4da0ace0fd\\config.txt",
    "directory": null,
    "file_name": null,
    "file_config_name": null,
    "can_be_running": 1,
    "proxy_id": null,
    "disk": null,
    "check_open": 0,
    "version": 143,
    "browser_type": 3,
    "os": "win",
    "note": null,
    "last_open": null,
    "source_version": "143.0.0.0",
    "status_id": null,
    "status": null,
    "option": {
      "checkBeforeStart": true
    },
    "browser": "chrome",
    "shares_role": "",
    "proxy_optimize_id": null,
    "is_block": 1,
    "created_at": "2025-12-25 14:59:44.000",
    "updated_at": null,
    "proxy_optimize_ids": null,
    "browser_uuid": null,
    "tags": [],
    "proxy": "",
    "pinned": false,
    "local_notes": "",
    "local_tags": [],
    "fb_uid": "",
    "fb_name": "",
    "synced_at": "2026-01-15T19:55:32.057050"
  },
  {
    "id": null,
    "uuid": "local-cd30425e-beb0-4f10-afc7-eee0bc50ca07",
    "name": "S14",
    "user_id": null,
    "folder_id": 1,
    "config": "2025-12-25\\local-cd30425e-beb0-4f10-afc7-eee0bc50ca07\\config.txt",
    "directory": null,
    "file_name": null,
    "file_config_name": null,
    "can_be_running": 1,
    "proxy_id": null,
    "disk": null,
    "check_open": 0,
    "version": 143,
    "browser_type": 3,
    "os": "win",
    "note": null,
    "last_open": null,
    "source_version": "143.0.0.0",
    "status_id": null,
    "status": null,
    "option": {
      "checkBeforeStart": true
    },
    "browser": "chrome",
    "shares_role": "",
    "proxy_optimize_id": null,
    "is_block": 1,
    "created_at": "2025-12-25 14:59:43.000",
    "updated_at": null,
    "proxy_optimize_ids": null,
    "browser_uuid": null,
    "tags": [],
    "proxy": "",
    "pinned": false,
    "local_notes": "",
    "local_tags": [],
    "fb_uid": "",
    "fb_name": "",
    "synced_at": "2026-01-15T19:55:32.057050"
  },
  {
    "id": null,
    "uuid": "local-48998eea-7de5-4ba4-bb86-c03185652aa6",
    "name": "S13",
    "user_id": null,
    "folder_id": 1,
    "config": "2025-12-25\\local-48998eea-7de5-4ba4-bb86-c03185652aa6\\config.txt",
    "directory": null,
    "file_name": null,
    "file_config_name": null,
    "can_be_running": 1,
    "proxy_id": null,
    "disk": null,
    "check_open": 0,
    "version": 143,
    "browser_type": 3,
    "os": "win",
    "note": null,
    "last_open": null,
    "source_version": "143.0.0.0",
    "status_id": null,
    "status": null,
    "option": {
      "checkBeforeStart": true
    },
    "browser": "chrome",
    "shares_role": "",
    "proxy_optimize_id": null,
    "is_block": 1,
    "created_at": "2025-12-25 14:59:43.000",
    "updated_at": null,
    "proxy_optimize_ids": null,
    "browser_uuid": null,
    "tags": [],
    "proxy": "",
    "pinned": false,
    "local_notes": "",
    "local_tags": [],
    "fb_uid": "",
    "fb_name": "",
    "synced_at": "2026-01-15T19:55:32.057050"
  },
  {
    "id": null,
    "uuid": "local-02db5ac0-be46-428a-881e-18ee5b1762db",
    "name": "S12",
    "user_id": null,
    "folder_id": 1,
    "config": "2025-12-25\\local-02db5ac0-be46-428a-881e-18ee5b1762db\\config.txt",
    "directory": null,
    "file_name": null,
    "file_config_name": null,
    "can_be_running": 1,
    "proxy_id": null,
    "disk": null,
    "check_open": 0,
    "version": 143,
    "browser_type": 3,
    "os": "win",
    "note": null,
    "last_open": null,
    "source_version": "143.0.0.0",
    "status_id": null,
    "status": null,
    "option": {
      "checkBeforeStart": true
    },
    "browser": "chrome",
    "shares_role": "",
    "proxy_optimize_id": null,
    "is_block": 1,
    "created_at": "2025-12-25 14:59:42.000",
    "updated_at": null,
    "proxy_optimize_ids": null,
    "browser_uuid": null,
    "tags": [],
    "proxy": "",
    "pinned": false,
    "local_notes": "",
    "local_tags": [],
    "fb_uid": "",
    "fb_name": "",
    "synced_at": "2026-01-15T19:55:32.057050"
  },
  {
    "id": null,
    "uuid": "local-4c3e6761-43e0-4584-b46b-ba8511d32ce5",
    "name": "S11",
    "user_id": null,
    "folder_id": 1,
    "config": "2025-12-25\\local-4c3e6761-43e0-4584-b46b-ba8511d32ce5\\config.txt",
    "directory": null,
    "file_name": null,
    "file_config_name": null,
    "can_be_running": 1,
    "proxy_id": null,
    "disk": null,
    "check_open": 0,
    "version": 143,
    "browser_type": 3,
    "os": "win",
    "note": null,
    "last_open": null,
    "source_version": "143.0.0.0",
    "status_id": null,
    "status": null,
    "option": {
      "checkBeforeStart": true
    },
    "browser": "chrome",
    "shares_role": "",
    "proxy_optimize_id": null,
    "is_block": 1,
    "created_at": "2025-12-25 14:59:42.000",
    "updated_at": null,
    "proxy_optimize_ids": null,
    "browser_uuid": null,
    "tags": [],
    "proxy": "",
    "pinned": false,
    "local_notes": "",
    "local_tags": [],
    "fb_uid": "",
    "fb_name": "",
    "synced_at": "2026-01-15T19:55:32.057050"
  },
  {
    "id": null,
    "uuid": "local-8417bafc-319c-4b41-8b61-45fa5b0aa34c",
    "name": "S10",
    "user_id": null,
    "folder_id": 1,
    "config": "2025-12-25\\local-8417bafc-319c-4b41-8b61-45fa5b0aa34c\\config.txt",
    "directory": null,
    "file_name": null,
    "file_config_name": null,
    "can_be_running": 1,
    "proxy_id": null,
    "disk": null,
    "check_open": 0,
    "version": 143,
    "browser_type": 3,
    "os": "win",
    "note": null,
    "last_open": null,
    "source_version": "143.0.0.0",
    "status_id": null,
    "status": null,
    "option": {
      "checkBeforeStart": true
    },
    "browser": "chrome",
    "shares_role": "",
    "proxy_optimize_id": null,
    "is_block": 1,
    "created_at": "2025-12-25 14:59:42.000",
    "updated_at": null,
    "proxy_optimize_ids": null,
    "browser_uuid": null,
    "tags": [],
    "proxy": "",
    "pinned": false,
    "local_notes": "",
    "local_tags": [],
    "fb_uid": "",
    "fb_name": "",
    "synced_at": "2026-01-15T19:55:32.057050"
  },
  {
    "id": null,
    "uuid": "local-51382230-cd29-4cee-aff3-5439393ae509",
    "name": "S09",
    "user_id": null,
    "folder_id": 1,
    "config": "2025-12-25\\local-51382230-cd29-4cee-aff3-5439393ae509\\config.txt",
    "directory": null,
    "file_name": null,
    "file_config_name": null,
    "can_be_running": 1,
    "proxy_id": null,
    "disk": null,
    "check_open": 0,
    "version": 143,
    "browser_type": 3,
    "os": "win",
    "note": null,
    "last_open": "2026-01-15 18:52:52",
    "source_version": "143.0.0.0",
    "status_id": null,
    "status": null,
    "option": {
      "checkBeforeStart": true
    },
    "browser": "chrome",
    "shares_role": "",
    "proxy_optimize_id": null,
    "is_block": 1,
    "created_at": "2025-12-25 14:59:41.000",
    "updated_at": null,
    "proxy_optimize_ids": null,
    "browser_uuid": null,
    "tags": [],
    "proxy": "",
    "pinned": false,
    "local_notes": "",
    "local_tags": [],
    "fb_uid": "",
    "fb_name": "",
    "synced_at": "2026-01-15T19:55:32.057050"
  },
  {
    "id": null,
    "uuid": "local-32d1e75c-edff-4256-93d8-0ab353c7678d",
    "name": "S08",
    "user_id": null,
    "folder_id": 1,
    "config": "2025-12-25\\local-32d1e75c-edff-4256-93d8-0ab353c7678d\\config.txt",
    "directory": null,
    "file_name": null,
    "file_config_name": null,
    "can_be_running": 1,
    "proxy_id": null,
    "disk": null,
    "check_open": 0,
    "version": 143,
    "browser_type": 3,
    "os": "win",
    "note": null,
    "last_open": null,
    "source_version": "143.0.0.0",
    "status_id": null,
    "status": null,
    "option": {
      "checkBeforeStart": true
    },
    "browser": "chrome",
    "shares_role": "",
    "proxy_optimize_id": null,
    "is_block": 1,
    "created_at": "2025-12-25 14:59:41.000",
    "updated_at": null,
    "proxy_optimize_ids": null,
    "browser_uuid": null,
    "tags": [],
    "proxy": "",
    "pinned": false,
    "local_notes": "",
    "local_tags": [],
    "fb_uid": "",
    "fb_name": "",
    "synced_at": "2026-01-15T19:55:32.057050"
  },
  {
    "id": null,
    "uuid": "local-960876aa-1644-4a16-ba45-bf8ae1b2eb85",
    "name": "S08",
    "user_id": null,
    "folder_id": 1,
    "config": "2025-11-14\\local-960876aa-1644-4a16-ba45-bf8ae1b2eb85\\config.txt",
    "directory": null,
    "file_name": null,
    "file_config_name": null,
    "can_be_running": 1,
    "proxy_id": null,
    "disk": null,
    "check_open": 0,
    "version": 142,
    "browser_type": 3,
    "os": "win",
    "note": null,
    "last_open": "2025-12-25 21:56:45",
    "source_version": "142.0.0.0",
    "status_id": null,
    "status": null,
    "option": {
      "checkBeforeStart": true
    },
    "browser": "chrome",
    "shares_role": "",
    "proxy_optimize_id": null,
    "is_block": 1,
    "created_at": "2025-11-14 16:31:04.000",
    "updated_at": null,
    "proxy_optimize_ids": null,
    "browser_uuid": null,
    "tags": [],
    "proxy": "",
    "pinned": false,
    "local_notes": "",
    "local_tags": [],
    "fb_uid": "",
    "fb_name": "",
    "synced_at": "2026-01-15T19:55:32.057050"
  },
  {
    "id": null,
    "uuid": "local-0442614c-6bbd-46b4-9c02-f6226f64d8df",
    "name": "S06",
    "user_id": null,
    "folder_id": 1,
    "config": "2025-11-14\\local-0442614c-6bbd-46b4-9c02-f6226f64d8df\\config.txt",
    "directory": null,
    "file_name": null,
    "file_config_name": null,
    "can_be_running": 1,
    "proxy_id": null,
    "disk": null,
    "check_open": 0,
    "version": 142,
    "browser_type": 3,
    "os": "win",
    "note": null,
    "last_open": "2025-12-25 21:54:30",
    "source_version": "142.0.0.0",
    "status_id": null,
    "status": null,
    "option": {
      "checkBeforeStart": true
    },
    "browser": "chrome",
    "shares_role": "",
    "proxy_optimize_id": null,
    "is_block": 1,
    "created_at": "2025-11-14 16:31:04.000",
    "updated_at": null,
    "proxy_optimize_ids": null,
    "browser_uuid": null,
    "tags": [],
    "proxy": "",
    "pinned": false,
    "local_notes": "",
    "local_tags": [],
    "fb_uid": "",
    "fb_name": "",
    "synced_at": "2026-01-15T19:55:32.057050"
  },
  {
    "id": null,
    "uuid": "local-43111864-8306-43ec-a23e-5a37a5060fc6",
    "name": "S05",
    "user_id": null,
    "folder_id": 1,
    "config": "2025-11-14\\local-43111864-8306-43ec-a23e-5a37a5060fc6\\config.txt",
    "directory": null,
    "file_name": null,
    "file_config_name": null,
    "can_be_running": 1,
    "proxy_id": null,
    "disk": null,
    "check_open": 0,
    "version": 142,
    "browser_type": 3,
    "os": "win",
    "note": null,
    "last_open": "2025-12-25 21:53:52",
    "source_version": "142.0.0.0",
    "status_id": null,
    "status": null,
    "option": {
      "checkBeforeStart": true
    },
    "browser": "chrome",
    "shares_role": "",
    "proxy_optimize_id": null,
    "is_block": 1,
    "created_at": "2025-11-14 16:31:03.000",
    "updated_at": null,
    "proxy_optimize_ids": null,
    "browser_uuid": null,
    "tags": [],
    "proxy": "",
    "pinned": false,
    "local_notes": "",
    "local_tags": [],
    "fb_uid": "",
    "fb_name": "",
    "synced_at": "2026-01-15T19:55:32.057050"
  },
  {
    "id": null,
    "uuid": "local-45311da9-4c34-4114-8d81-a60006b1b736",
    "name": "S04",
    "user_id": null,
    "folder_id": 1,
    "config": "2025-11-14\\local-45311da9-4c34-4114-8d81-a60006b1b736\\config.txt",
    "directory": null,
    "file_name": null,
    "file_config_name": null,
    "can_be_running": 1,
    "proxy_id": null,
    "disk": null,
    "check_open": 0,
    "version": 142,
    "browser_type": 3,
    "os": "win",
    "note": null,
    "last_open": "2025-12-25 21:52:44",
    "source_version": "142.0.0.0",
    "status_id": null,
    "status": null,
    "option": {
      "checkBeforeStart": true
    },
    "browser": "chrome",
    "shares_role": "",
    "proxy_optimize_id": null,
    "is_block": 1,
    "created_at": "2025-11-14 16:31:03.000",
    "updated_at": null,
    "proxy_optimize_ids": null,
    "browser_uuid": null,
    "tags": [],
    "proxy": "",
    "pinned": false,
    "local_notes": "",
    "local_tags": [],
    "fb_uid": "",
    "fb_name": "",
    "synced_at": "2026-01-15T19:55:32.057050"
  },
  {
    "id": null,
    "uuid": "local-fa943ab1-f90f-41e7-812f-1193437fdfd5",
    "name": "S03",
    "user_id": null,
    "folder_id": 1,
    "config": "2025-11-14\\local-fa943ab1-f90f-41e7-812f-1193437fdfd5\\config.txt",
    "directory": null,
    "file_name": null,
    "file_config_name": null,
    "can_be_running": 1,
    "proxy_id": null,
    "disk": null,
    "check_open": 0,
    "version": 142,
    "browser_type": 3,
    "os": "win",
    "note": null,
    "last_open": "2025-12-25 21:47:43",
    "source_version": "142.0.0.0",
    "status_id": null,
    "status": null,
    "option": {
      "checkBeforeStart": true
    },
    "browser": "chrome",
    "shares_role": "",
    "proxy_optimize_id": null,
    "is_block": 1,
    "created_at": "2025-11-14 16:31:03.000",
    "updated_at": null,
    "proxy_optimize_ids": null,
    "browser_uuid": null,
    "tags": [],
    "proxy": "",
    "pinned": false,
    "local_notes": "",
    "local_tags": [],
    "fb_uid": "",
    "fb_name": "",
    "synced_at": "2026-01-15T19:55:32.057050"
  },
  {
    "id": null,
    "uuid": "local-12b45d27-48d8-4730-bc0b-8f5d3fcf809e",
    "name": "S02",
    "user_id": null,
    "folder_id": 1,
    "config": "2025-11-14\\local-12b45d27-48d8-4730-bc0b-8f5d3fcf809e\\config.txt",
    "directory": null,
    "file_name": null,
    "file_config_name": null,
    "can_be_running": 1,
    "proxy_id": null,
    "disk": null,
    "check_open": 0,
    "version": 142,
    "browser_type": 3,
    "os": "win",
    "note": null,
    "last_open": "2025-12-23 23:01:58",
    "source_version": "142.0.0.0",
    "status_id": null,
    "status": null,
    "option": {
      "checkBeforeStart": true
    },
    "browser": "chrome",
    "shares_role": "",
    "proxy_optimize_id": null,
    "is_block": 1,
    "created_at": "2025-11-14 16:31:03.000",
    "updated_at": null,
    "proxy_optimize_ids": null,
    "browser_uuid": null,
    "tags": [],
    "proxy": "",
    "pinned": false,
    "local_notes": "",
    "local_tags": [],
    "fb_uid": "",
    "fb_name": "",
    "synced_at": "2026-01-15T19:55:32.057050"
  },
  {
    "id": null,
    "uuid": "local-d4f2cfde-a517-43c5-9fbb-f4789ea51c59",
    "name": "S00",
    "user_id": null,
    "folder_id": 1,
    "config": "2025-11-14\\local-d4f2cfde-a517-43c5-9fbb-f4789ea51c59\\config.txt",
    "directory": null,
    "file_name": null,
    "file_config_name": null,
    "can_be_running": 1,
    "proxy_id": null,
    "disk": null,
    "check_open": 0,
    "version": 142,
    "browser_type": 3,
    "os": "win",
    "note": null,
    "last_open": "2026-01-15 18:19:16",
    "source_version": "142.0.0.0",
    "status_id": null,
    "status": null,
    "option": {
      "checkBeforeStart": true
    },
    "browser": "chrome",
    "shares_role": "",
    "proxy_optimize_id": null,
    "is_block": 1,
    "created_at": "2025-11-14 16:31:02.000",
    "updated_at": null,
    "proxy_optimize_ids": null,
    "browser_uuid": null,
    "tags": [],
    "proxy": "",
    "pinned": false,
    "local_notes": "",
    "local_tags": [],
    "fb_uid": "",
    "fb_name": "",
    "synced_at": "2026-01-15T19:55:32.057050"
  }
]