[
  {
    "name": "Auto_Post_and_get_link_FB",
    "description": "Imported from Hidemium (key: 56754)",
    "type": "hidemium",
    "hidemium_key": 56754,
    "content": "{\"source\": \"hidemium\", \"key\": 56754}",
    "id": 1,
    "created_at": "2026-01-15T18:38:04.157119",
    "updated_at": "2026-01-15T18:38:04.157119"
  },
  {
    "name": "Reg X - Hotmail",
    "description": "Imported from Hidemium (key: 54700)",
    "type": "hidemium",
    "hidemium_key": 54700,
    "content": "{\"source\": \"hidemium\", \"key\": 54700}",
    "id": 2,
    "created_at": "2026-01-15T18:38:04.165120",
    "updated_at": "2026-01-15T18:38:04.165120"
  },
  {
    "name": "tiktok_pg",
    "description": "Imported from Hidemium (key: 54646)",
    "type": "hidemium",
    "hidemium_key": 54646,
    "content": "{\"source\": \"hidemium\", \"key\": 54646}",
    "id": 3,
    "created_at": "2026-01-15T18:38:04.170122",
    "updated_at": "2026-01-15T18:38:04.170122"
  },
  {
    "name": "fb interactions",
    "description": "Imported from Hidemium (key: 54508)",
    "type": "hidemium",
    "hidemium_key": 54508,
    "content": "{\"source\": \"hidemium\", \"key\": 54508}",
    "id": 4,
    "created_at": "2026-01-15T18:38:04.174122",
    "updated_at": "2026-01-15T18:38:04.174122"
  },
  {
    "name": "tạo fb",
    "description": "Imported from Hidemium (key: 54496)",
    "type": "hidemium",
    "hidemium_key": 54496,
    "content": "{\"source\": \"hidemium\", \"key\": 54496}",
    "id": 5,
    "created_at": "2026-01-15T18:38:04.179122",
    "updated_at": "2026-01-15T18:38:04.179122"
  },
  {
    "name": "fb reel",
    "description": "Imported from Hidemium (key: 54495)",
    "type": "hidemium",
    "hidemium_key": 54495,
    "content": "{\"source\": \"hidemium\", \"key\": 54495}",
    "id": 6,
    "created_at": "2026-01-15T18:38:04.184122",
    "updated_at": "2026-01-15T18:38:04.184122"
  },
  {
    "name": "Login FBx2FA",
    "description": "Imported from Hidemium (key: 54059)",
    "type": "hidemium",
    "hidemium_key": 54059,
    "content": "{\"source\": \"hidemium\", \"key\": 54059}",
    "id": 7,
    "created_at": "2026-01-15T18:38:04.189635",
    "updated_at": "2026-01-15T18:38:04.189635"
  }
]